V1,V2,V3,Label,Cycle,Timestamp,ElapsedSec
6.37,36.43,5.72,NO LOAD,1,00:32:29,11.23
6.53,33.8,5.17,NO LOAD,1,00:32:29,11.23
6.41,31.93,4.98,NO LOAD,1,00:32:29,11.23
6.6,35.92,5.44,NO LOAD,1,00:32:29,11.24
6.41,42.91,6.7,NO LOAD,1,00:32:29,11.24
6.4,36.65,5.73,NO LOAD,1,00:32:29,11.24
7.04,41.36,5.88,NO LOAD,1,00:32:29,11.24
6.39,34.63,5.42,NO LOAD,1,00:32:29,11.24
6.86,35.88,5.23,NO LOAD,1,00:32:29,11.24
6.33,38.45,6.07,NO LOAD,1,00:32:29,11.24
7.32,41.63,5.68,NO LOAD,1,00:32:29,11.25
7.06,56.08,7.95,NO LOAD,1,00:32:29,11.25
6.29,37.39,5.94,NO LOAD,1,00:32:29,11.25
7.0,40.91,5.85,NO LOAD,1,00:32:29,11.25
7.04,40.78,5.79,NO LOAD,1,00:32:29,11.25
6.33,42.34,6.68,NO LOAD,1,00:32:29,11.25
6.85,35.21,5.14,NO LOAD,1,00:32:29,11.25
6.58,40.66,6.18,NO LOAD,1,00:32:29,11.25
6.87,45.53,6.63,NO LOAD,1,00:32:29,11.26
6.71,41.06,6.12,NO LOAD,1,00:32:29,11.26
6.68,38.29,5.73,NO LOAD,1,00:32:29,11.26
6.08,32.09,5.28,NO LOAD,1,00:32:29,11.26
6.44,41.45,6.44,NO LOAD,1,00:32:29,11.26
6.67,45.97,6.9,NO LOAD,1,00:32:29,11.65
6.79,44.87,6.61,NO LOAD,1,00:32:30,12.23
6.57,38.64,5.88,NO LOAD,1,00:32:30,12.81
6.3,30.97,4.92,NO LOAD,1,00:32:31,13.4
6.1,37.12,6.09,NO LOAD,1,00:32:32,13.98
6.72,34.29,5.11,NO LOAD,1,00:32:32,14.56
6.02,37.51,6.23,NO LOAD,1,00:32:33,15.15
6.45,43.49,6.74,NO LOAD,1,00:32:33,15.73
6.33,38.46,6.08,NO LOAD,1,00:32:34,16.31
6.79,40.41,5.95,NO LOAD,1,00:32:35,16.9
6.4,40.15,6.27,NO LOAD,1,00:32:35,17.48
6.15,32.56,5.3,NO LOAD,1,00:32:36,18.06
6.83,39.66,5.81,NO LOAD,1,00:32:36,18.64
6.21,40.92,6.59,NO LOAD,1,00:32:37,19.23
6.66,33.75,5.07,NO LOAD,1,00:32:37,19.81
6.3,35.7,5.66,NO LOAD,1,00:32:38,20.39
6.66,41.09,6.17,NO LOAD,1,00:32:39,20.98
6.36,33.2,5.22,NO LOAD,1,00:32:39,21.56
6.89,56.99,8.28,NO LOAD,1,00:32:40,22.14
7.13,47.75,6.7,NO LOAD,1,00:32:40,22.73
6.74,42.43,6.3,NO LOAD,1,00:32:41,23.31
7.09,42.59,6.01,NO LOAD,1,00:32:42,23.89
6.82,47.53,6.97,NO LOAD,1,00:32:42,24.48
7.35,46.06,6.27,NO LOAD,1,00:32:43,25.06
6.24,35.16,5.63,NO LOAD,1,00:32:43,25.64
6.77,36.77,5.43,NO LOAD,1,00:32:44,26.22
6.92,40.2,5.81,NO LOAD,1,00:32:44,26.81
6.64,33.11,4.98,NO LOAD,1,00:32:45,27.39
6.51,36.85,5.66,NO LOAD,1,00:32:46,27.97
6.35,35.46,5.59,NO LOAD,1,00:32:46,28.56
6.61,36.34,5.5,NO LOAD,1,00:32:47,29.14
6.58,43.24,6.57,NO LOAD,1,00:32:47,29.72
6.6,41.3,6.26,NO LOAD,1,00:32:48,30.31
5.98,33.33,5.57,NO LOAD,1,00:32:49,30.89
6.97,34.81,4.99,NO LOAD,1,00:32:49,31.47
7.26,46.78,6.45,NO LOAD,1,00:32:50,32.05
6.7,37.09,5.53,NO LOAD,1,00:32:50,32.64
6.51,38.76,5.96,NO LOAD,1,00:32:51,33.22
6.95,39.61,5.7,NO LOAD,1,00:32:51,33.8
6.46,41.04,6.35,NO LOAD,1,00:32:52,34.39
6.74,39.17,5.81,NO LOAD,1,00:32:53,34.97
6.78,46.39,6.84,NO LOAD,1,00:32:53,35.55
5.9,34.13,5.78,NO LOAD,1,00:32:54,36.14
7.01,41.16,5.87,NO LOAD,1,00:32:54,36.72
6.41,33.38,5.21,NO LOAD,1,00:32:55,37.3
6.35,34.93,5.5,NO LOAD,1,00:32:56,37.88
6.87,35.67,5.2,NO LOAD,1,00:32:56,38.47
6.22,31.56,5.08,NO LOAD,1,00:32:57,39.05
6.78,48.38,7.13,NO LOAD,1,00:32:57,39.63
6.2,32.62,5.26,NO LOAD,1,00:32:58,40.22
6.3,34.82,5.52,NO LOAD,1,00:32:58,40.8
6.54,33.59,5.14,NO LOAD,1,00:32:59,41.38
7.6,37.8,4.97,NO LOAD,1,00:33:00,41.97
6.91,42.43,6.14,NO LOAD,1,00:33:00,42.55
6.15,31.65,5.15,NO LOAD,1,00:33:01,43.13
6.87,44.64,6.5,NO LOAD,1,00:33:01,43.72
6.58,34.31,5.22,NO LOAD,1,00:33:02,44.3
6.49,40.06,6.18,NO LOAD,1,00:33:03,44.88
6.87,41.92,6.11,NO LOAD,1,00:33:03,45.46
7.01,41.53,5.93,NO LOAD,1,00:33:04,46.05
6.58,47.6,7.23,NO LOAD,1,00:33:04,46.63
6.32,40.67,6.43,NO LOAD,1,00:33:05,47.21
6.1,33.19,5.44,NO LOAD,1,00:33:05,47.8
6.71,38.35,5.71,NO LOAD,1,00:33:06,48.38
7.07,44.05,6.23,NO LOAD,1,00:33:07,48.96
6.14,37.04,6.03,NO LOAD,1,00:33:07,49.54
6.83,36.23,5.3,NO LOAD,1,00:33:08,50.13
6.62,33.81,5.11,NO LOAD,1,00:33:08,50.71
6.16,35.8,5.82,NO LOAD,1,00:33:09,51.29
6.2,35.49,5.73,NO LOAD,1,00:33:10,51.88
6.45,36.32,5.63,NO LOAD,1,00:33:10,52.46
6.64,33.25,5.01,NO LOAD,1,00:33:11,53.04
5.92,27.56,4.65,NO LOAD,1,00:33:11,53.63
6.84,42.33,6.19,NO LOAD,1,00:33:12,54.21
6.43,37.89,5.89,NO LOAD,1,00:33:12,54.79
7.11,34.51,4.85,NO LOAD,1,00:33:13,55.37
7.32,44.88,6.13,NO LOAD,1,00:33:14,55.96
7.52,38.86,5.17,NO LOAD,1,00:33:14,56.54
6.77,35.55,5.25,NO LOAD,1,00:33:15,57.12
6.49,30.48,4.7,NO LOAD,1,00:33:15,57.71
7.0,33.01,4.72,NO LOAD,1,00:33:16,58.29
6.38,31.16,4.88,NO LOAD,1,00:33:17,58.87
6.76,37.67,5.57,NO LOAD,1,00:33:17,59.46
6.68,40.29,6.03,NO LOAD,1,00:33:18,60.04
7.14,32.23,4.52,NO LOAD,1,00:33:18,60.62
6.36,31.87,5.01,NO LOAD,1,00:33:19,61.21
6.97,41.91,6.01,NO LOAD,1,00:33:19,61.79
6.71,31.89,4.75,NO LOAD,1,00:33:20,62.37
6.89,36.26,5.27,NO LOAD,1,00:33:21,62.95
6.23,39.4,6.32,NO LOAD,1,00:33:21,63.54
6.29,36.05,5.73,NO LOAD,1,00:33:22,64.12
7.1,39.34,5.54,NO LOAD,1,00:33:22,64.7
6.88,42.63,6.2,NO LOAD,1,00:33:23,65.29
6.7,31.3,4.67,NO LOAD,1,00:33:24,65.87
6.93,41.83,6.03,NO LOAD,1,00:33:24,66.45
6.51,38.81,5.96,NO LOAD,1,00:33:25,67.03
6.7,37.51,5.59,NO LOAD,1,00:33:25,67.62
6.92,37.62,5.43,NO LOAD,1,00:33:26,68.2
6.61,41.65,6.31,NO LOAD,1,00:33:26,68.78
6.7,39.34,5.87,NO LOAD,1,00:33:27,69.37
6.55,31.66,4.83,NO LOAD,1,00:33:28,69.95
6.94,39.88,5.74,NO LOAD,1,00:33:28,70.53
6.6,35.12,5.32,NO LOAD,1,00:33:29,71.12
6.48,35.08,5.41,NO LOAD,1,00:33:29,71.7
6.56,35.48,5.4,Charger,2,00:33:43,85.79
7.18,41.18,5.74,Charger,2,00:33:43,85.79
6.85,30.97,4.52,Charger,2,00:33:43,85.8
7.01,35.31,5.04,Charger,2,00:33:43,85.8
7.06,42.02,5.95,Charger,2,00:33:43,85.8
6.65,38.88,5.84,Charger,2,00:33:43,85.8
6.94,37.33,5.38,Charger,2,00:33:43,85.8
7.8,48.5,6.22,Charger,2,00:33:43,85.8
6.42,40.81,6.35,Charger,2,00:33:43,85.8
6.94,40.14,5.78,Charger,2,00:33:43,85.81
7.2,39.1,5.43,Charger,2,00:33:43,85.81
6.74,42.1,6.25,Charger,2,00:33:43,85.81
7.33,40.34,5.51,Charger,2,00:33:43,85.81
6.71,39.33,5.86,Charger,2,00:33:43,85.81
6.55,40.47,6.18,Charger,2,00:33:43,85.81
8.1,43.1,5.32,Charger,2,00:33:43,85.81
10.19,49.57,4.86,Charger,2,00:33:43,85.82
10.08,47.26,4.69,Charger,2,00:33:43,85.82
10.43,46.8,4.49,Charger,2,00:33:43,85.82
10.37,53.64,5.17,Charger,2,00:33:43,85.82
9.93,41.21,4.15,Charger,2,00:33:43,85.82
10.56,51.43,4.87,Charger,2,00:33:43,85.82
11.31,59.87,5.29,Charger,2,00:33:43,85.82
9.96,49.29,4.95,Charger,2,00:33:43,85.83
10.01,57.98,5.79,Charger,2,00:33:44,86.29
9.53,36.31,3.81,Charger,2,00:33:45,86.87
10.09,49.93,4.95,Charger,2,00:33:45,87.46
9.86,46.4,4.71,Charger,2,00:33:46,88.04
10.02,43.12,4.3,Charger,2,00:33:46,88.62
10.01,42.57,4.25,Charger,2,00:33:47,89.21
10.05,45.05,4.48,Charger,2,00:33:47,89.79
9.96,47.88,4.81,Charger,2,00:33:48,90.38
9.69,50.16,5.18,Charger,2,00:33:49,90.96
10.02,40.86,4.08,Charger,2,00:33:49,91.55
9.86,49.11,4.98,Charger,2,00:33:50,92.13
10.39,38.64,3.72,Charger,2,00:33:50,92.72
10.03,51.06,5.09,Charger,2,00:33:51,93.3
9.62,39.68,4.12,Charger,2,00:33:52,93.89
10.34,67.57,6.54,Charger,2,00:33:52,94.47
10.41,35.57,3.42,Charger,2,00:33:53,95.05
10.24,42.86,4.19,Charger,2,00:33:53,95.64
9.81,56.37,5.75,Charger,2,00:33:54,96.22
10.48,47.48,4.53,Charger,2,00:33:54,96.81
10.25,51.81,5.06,Charger,2,00:33:55,97.39
10.53,48.06,4.56,Charger,2,00:33:56,97.98
10.0,44.75,4.48,Charger,2,00:33:56,98.56
10.41,41.88,4.02,Charger,2,00:33:57,99.15
9.99,60.76,6.08,Charger,2,00:33:57,99.73
10.27,54.42,5.3,Charger,2,00:33:58,100.32
9.66,40.58,4.2,Charger,2,00:33:59,100.9
9.6,38.17,3.98,Charger,2,00:33:59,101.48
10.54,51.86,4.92,Charger,2,00:34:00,102.07
9.93,66.11,6.66,Charger,2,00:34:00,102.65
10.38,57.48,5.54,Charger,2,00:34:01,103.24
9.77,51.43,5.26,Charger,2,00:34:01,103.82
10.18,55.39,5.44,Charger,2,00:34:02,104.4
10.76,49.78,4.63,Charger,2,00:34:03,104.99
10.15,43.85,4.32,Charger,2,00:34:03,105.57
10.52,50.11,4.76,Charger,2,00:34:04,106.16
10.51,45.24,4.31,Charger,2,00:34:04,106.74
9.59,39.68,4.14,Charger,2,00:34:05,107.33
10.23,67.49,6.6,Charger,2,00:34:06,107.91
10.23,44.33,4.33,Charger,2,00:34:06,108.5
9.75,54.05,5.54,Charger,2,00:34:07,109.08
9.47,46.76,4.94,Charger,2,00:34:07,109.66
9.38,37.58,4.01,Charger,2,00:34:08,110.25
9.23,40.45,4.38,Charger,2,00:34:09,110.83
10.23,52.54,5.14,Charger,2,00:34:09,111.41
10.21,48.69,4.77,Charger,2,00:34:10,112.0
9.87,56.7,5.74,Charger,2,00:34:10,112.58
9.99,40.21,4.03,Charger,2,00:34:11,113.17
10.41,37.82,3.63,Charger,2,00:34:11,113.75
9.79,46.14,4.71,Charger,2,00:34:12,114.34
9.8,35.82,3.65,Charger,2,00:34:13,114.92
9.96,37.4,3.76,Charger,2,00:34:13,115.5
9.67,44.37,4.59,Charger,2,00:34:14,116.09
9.26,39.66,4.29,Charger,2,00:34:14,116.67
9.96,59.33,5.96,Charger,2,00:34:15,117.25
9.96,46.42,4.66,Charger,2,00:34:16,117.84
10.12,44.41,4.39,Charger,2,00:34:16,118.42
9.56,35.03,3.66,Charger,2,00:34:17,119.01
10.02,52.12,5.2,Charger,2,00:34:17,119.59
10.34,47.28,4.57,Charger,2,00:34:18,120.18
10.27,43.6,4.24,Charger,2,00:34:18,120.76
10.54,52.26,4.96,Charger,2,00:34:19,121.35
9.92,45.28,4.57,Charger,2,00:34:20,121.93
9.52,55.91,5.87,Charger,2,00:34:20,122.52
9.49,37.62,3.96,Charger,2,00:34:21,123.1
10.11,40.97,4.05,Charger,2,00:34:21,123.68
9.92,40.88,4.12,Charger,2,00:34:22,124.27
10.27,52.53,5.11,Charger,2,00:34:23,124.85
10.44,45.12,4.32,Charger,2,00:34:23,125.43
10.19,38.47,3.78,Charger,2,00:34:24,126.02
9.67,52.16,5.39,Charger,2,00:34:24,126.6
10.05,48.25,4.8,Charger,2,00:34:25,127.19
9.91,44.3,4.47,Charger,2,00:34:25,127.77
9.23,43.98,4.77,Charger,2,00:34:26,128.35
10.1,66.89,6.63,Charger,2,00:34:27,128.94
10.36,49.72,4.8,Charger,2,00:34:27,129.52
10.39,57.5,5.53,Charger,2,00:34:28,130.11
9.95,37.67,3.79,Charger,2,00:34:28,130.69
10.04,53.9,5.37,Charger,2,00:34:29,131.28
9.45,38.99,4.12,Charger,2,00:34:30,131.86
10.45,50.03,4.79,Charger,2,00:34:30,132.44
10.2,48.97,4.8,Charger,2,00:34:31,133.03
10.47,46.09,4.4,Charger,2,00:34:31,133.61
10.7,52.59,4.92,Charger,2,00:34:32,134.2
10.11,57.55,5.69,Charger,2,00:34:32,134.78
10.08,45.06,4.47,Charger,2,00:34:33,135.37
9.8,39.15,4.0,Charger,2,00:34:34,135.95
9.89,33.68,3.4,Charger,2,00:34:34,136.54
9.95,45.44,4.57,Charger,2,00:34:35,137.12
10.11,35.62,3.53,Charger,2,00:34:35,137.7
9.63,42.81,4.45,Charger,2,00:34:36,138.29
10.01,44.13,4.41,Charger,2,00:34:37,138.87
9.82,40.01,4.07,Charger,2,00:34:37,139.46
9.32,43.74,4.69,Charger,2,00:34:38,140.04
10.41,41.65,4.0,Charger,2,00:34:38,140.62
9.56,44.66,4.67,Charger,2,00:34:39,141.21
9.91,38.16,3.85,Charger,2,00:34:39,141.79
10.2,41.76,4.09,Charger,2,00:34:40,142.37
9.48,42.8,4.51,Charger,2,00:34:41,142.96
10.01,35.58,3.55,Charger,2,00:34:41,143.54
10.24,43.38,4.24,Charger,2,00:34:42,144.13
9.83,39.65,4.03,Charger,2,00:34:42,144.71
9.75,45.13,4.63,Charger,2,00:34:43,145.29
10.19,43.77,4.29,Charger,2,00:34:44,145.88
9.98,48.87,4.9,NO LOAD,3,00:34:58,159.94
10.47,42.29,4.04,NO LOAD,3,00:34:58,159.94
9.96,46.35,4.65,NO LOAD,3,00:34:58,159.94
10.58,58.56,5.54,NO LOAD,3,00:34:58,159.94
9.75,41.01,4.21,NO LOAD,3,00:34:58,159.94
10.02,47.24,4.71,NO LOAD,3,00:34:58,159.95
9.25,37.62,4.07,NO LOAD,3,00:34:58,159.95
10.34,43.31,4.19,NO LOAD,3,00:34:58,159.95
10.03,48.57,4.84,NO LOAD,3,00:34:58,159.95
11.6,43.84,3.78,NO LOAD,3,00:34:58,159.95
6.83,38.56,5.64,NO LOAD,3,00:34:58,159.95
6.69,39.03,5.83,NO LOAD,3,00:34:58,159.95
6.87,35.98,5.24,NO LOAD,3,00:34:58,159.95
8.09,35.19,4.35,NO LOAD,3,00:34:58,159.96
6.61,42.27,6.39,NO LOAD,3,00:34:58,159.96
6.91,33.96,4.92,NO LOAD,3,00:34:58,159.96
6.39,37.46,5.86,NO LOAD,3,00:34:58,159.96
6.57,37.93,5.77,NO LOAD,3,00:34:58,159.96
7.15,39.82,5.57,NO LOAD,3,00:34:58,159.96
6.83,38.54,5.64,NO LOAD,3,00:34:58,159.96
6.73,38.12,5.67,NO LOAD,3,00:34:58,159.96
6.98,35.67,5.11,NO LOAD,3,00:34:58,159.97
7.18,39.35,5.48,NO LOAD,3,00:34:58,159.97
7.04,35.64,5.06,NO LOAD,3,00:34:58,159.97
7.05,34.99,4.96,NO LOAD,3,00:34:58,160.47
6.7,34.29,5.12,NO LOAD,3,00:34:59,161.05
6.73,41.04,6.1,NO LOAD,3,00:34:59,161.64
6.91,38.43,5.56,NO LOAD,3,00:35:00,162.22
7.05,39.17,5.56,NO LOAD,3,00:35:00,162.8
6.87,36.61,5.33,NO LOAD,3,00:35:01,163.39
6.82,35.09,5.14,NO LOAD,3,00:35:02,163.97
6.92,36.19,5.23,NO LOAD,3,00:35:02,164.55
7.16,33.16,4.63,NO LOAD,3,00:35:03,165.13
6.6,31.53,4.78,NO LOAD,3,00:35:03,165.72
6.57,36.58,5.57,NO LOAD,3,00:35:04,166.3
7.28,40.75,5.6,NO LOAD,3,00:35:05,166.88
6.85,41.88,6.11,NO LOAD,3,00:35:05,167.47
6.85,35.75,5.22,NO LOAD,3,00:35:06,168.05
6.93,40.73,5.88,NO LOAD,3,00:35:06,168.63
7.08,50.52,7.14,NO LOAD,3,00:35:07,169.22
7.22,38.7,5.36,NO LOAD,3,00:35:07,169.8
7.25,35.53,4.9,NO LOAD,3,00:35:08,170.38
7.34,42.88,5.84,NO LOAD,3,00:35:09,170.96
7.11,40.61,5.71,NO LOAD,3,00:35:09,171.55
7.09,41.97,5.92,NO LOAD,3,00:35:10,172.13
6.61,29.37,4.44,NO LOAD,3,00:35:10,172.71
6.67,32.08,4.81,NO LOAD,3,00:35:11,173.3
6.8,48.74,7.17,NO LOAD,3,00:35:12,173.88
6.72,30.19,4.49,NO LOAD,3,00:35:12,174.46
7.19,39.74,5.52,NO LOAD,3,00:35:13,175.05
7.03,39.55,5.62,NO LOAD,3,00:35:13,175.63
7.38,46.71,6.33,NO LOAD,3,00:35:14,176.21
7.24,40.23,5.56,NO LOAD,3,00:35:14,176.79
7.4,40.22,5.43,NO LOAD,3,00:35:15,177.38
7.31,44.42,6.07,NO LOAD,3,00:35:16,177.96
6.83,34.8,5.1,NO LOAD,3,00:35:16,178.54
7.24,35.37,4.88,NO LOAD,3,00:35:17,179.13
7.06,39.37,5.58,NO LOAD,3,00:35:17,179.71
6.74,40.23,5.97,NO LOAD,3,00:35:18,180.29
6.74,32.38,4.81,NO LOAD,3,00:35:19,180.88
6.95,42.62,6.13,NO LOAD,3,00:35:19,181.46
7.0,41.26,5.89,NO LOAD,3,00:35:20,182.04
6.82,31.77,4.66,NO LOAD,3,00:35:20,182.62
7.03,37.88,5.39,NO LOAD,3,00:35:21,183.21
6.45,32.17,4.99,NO LOAD,3,00:35:21,183.79
7.1,40.19,5.66,NO LOAD,3,00:35:22,184.37
7.03,39.26,5.58,NO LOAD,3,00:35:23,184.96
7.14,36.33,5.09,NO LOAD,3,00:35:23,185.54
6.83,41.69,6.11,NO LOAD,3,00:35:24,186.12
6.9,39.09,5.67,NO LOAD,3,00:35:24,186.71
7.15,39.51,5.52,NO LOAD,3,00:35:25,187.29
6.65,38.56,5.8,NO LOAD,3,00:35:26,187.87
6.68,35.89,5.37,NO LOAD,3,00:35:26,188.45
7.41,41.65,5.62,NO LOAD,3,00:35:27,189.04
7.29,38.09,5.22,NO LOAD,3,00:35:27,189.62
7.26,38.78,5.34,NO LOAD,3,00:35:28,190.2
7.19,39.14,5.44,NO LOAD,3,00:35:28,190.79
6.69,34.99,5.23,NO LOAD,3,00:35:29,191.37
7.79,47.06,6.04,NO LOAD,3,00:35:30,191.95
6.95,29.2,4.2,NO LOAD,3,00:35:30,192.54
7.31,36.04,4.93,NO LOAD,3,00:35:31,193.12
7.14,34.47,4.83,NO LOAD,3,00:35:31,193.7
7.35,40.1,5.45,NO LOAD,3,00:35:32,194.29
7.03,39.91,5.68,NO LOAD,3,00:35:33,194.87
7.24,34.19,4.72,NO LOAD,3,00:35:33,195.45
7.23,42.1,5.82,NO LOAD,3,00:35:34,196.03
6.63,36.76,5.54,NO LOAD,3,00:35:34,196.62
6.81,39.31,5.77,NO LOAD,3,00:35:35,197.2
7.05,40.12,5.69,NO LOAD,3,00:35:35,197.78
6.77,36.31,5.37,NO LOAD,3,00:35:36,198.37
6.9,32.92,4.77,NO LOAD,3,00:35:37,198.95
6.55,38.96,5.95,NO LOAD,3,00:35:37,199.53
7.53,42.01,5.58,NO LOAD,3,00:35:38,200.12
6.64,36.01,5.42,NO LOAD,3,00:35:38,200.7
7.07,32.36,4.57,NO LOAD,3,00:35:39,201.28
7.4,39.35,5.32,NO LOAD,3,00:35:40,201.86
7.14,38.74,5.43,NO LOAD,3,00:35:40,202.45
6.87,41.32,6.01,NO LOAD,3,00:35:41,203.03
7.42,43.29,5.84,NO LOAD,3,00:35:41,203.61
6.62,38.57,5.82,NO LOAD,3,00:35:42,204.2
6.6,36.28,5.5,NO LOAD,3,00:35:42,204.78
7.39,36.3,4.91,NO LOAD,3,00:35:43,205.36
6.88,34.22,4.97,NO LOAD,3,00:35:44,205.95
7.16,39.09,5.46,NO LOAD,3,00:35:44,206.53
6.46,37.94,5.87,NO LOAD,3,00:35:45,207.11
7.13,30.06,4.22,NO LOAD,3,00:35:45,207.69
7.07,33.12,4.68,NO LOAD,3,00:35:46,208.28
6.72,44.54,6.62,NO LOAD,3,00:35:47,208.86
6.51,38.81,5.96,NO LOAD,3,00:35:47,209.44
6.31,32.56,5.16,NO LOAD,3,00:35:48,210.03
6.76,35.86,5.3,NO LOAD,3,00:35:48,210.61
6.59,33.39,5.07,NO LOAD,3,00:35:49,211.19
6.67,44.21,6.63,NO LOAD,3,00:35:49,211.78
6.85,36.85,5.38,NO LOAD,3,00:35:50,212.36
7.07,43.33,6.13,NO LOAD,3,00:35:51,212.94
6.91,39.63,5.74,NO LOAD,3,00:35:51,213.52
7.16,40.63,5.67,NO LOAD,3,00:35:52,214.11
7.27,46.51,6.4,NO LOAD,3,00:35:52,214.69
7.0,32.78,4.68,NO LOAD,3,00:35:53,215.27
6.96,39.38,5.66,NO LOAD,3,00:35:54,215.86
6.45,31.22,4.84,NO LOAD,3,00:35:54,216.44
7.01,39.1,5.58,NO LOAD,3,00:35:55,217.02
6.94,35.32,5.09,NO LOAD,3,00:35:55,217.61
7.33,45.57,6.22,NO LOAD,3,00:35:56,218.19
7.11,40.42,5.69,NO LOAD,3,00:35:56,218.77
6.49,26.01,4.01,NO LOAD,3,00:35:57,219.35
6.72,33.91,5.05,NO LOAD,3,00:35:58,219.94
7.59,40.49,5.33,Bulb,4,00:36:12,234.02
6.62,39.36,5.95,Bulb,4,00:36:12,234.03
7.45,38.66,5.19,Bulb,4,00:36:12,234.03
7.55,40.4,5.35,Bulb,4,00:36:12,234.03
7.14,33.22,4.66,Bulb,4,00:36:12,234.03
6.96,42.29,6.07,Bulb,4,00:36:12,234.03
6.53,42.51,6.51,Bulb,4,00:36:12,234.03
6.61,40.72,6.16,Bulb,4,00:36:12,234.04
6.61,40.18,6.08,Bulb,4,00:36:12,234.04
6.49,36.65,5.64,Bulb,4,00:36:12,234.04
6.28,35.59,5.66,Bulb,4,00:36:12,234.04
6.55,39.69,6.06,Bulb,4,00:36:12,234.04
7.08,40.54,5.72,Bulb,4,00:36:12,234.04
6.51,44.33,6.81,Bulb,4,00:36:12,234.04
7.45,39.73,5.34,Bulb,4,00:36:12,234.04
6.28,39.67,6.32,Bulb,4,00:36:12,234.05
8.02,41.06,5.12,Bulb,4,00:36:12,234.05
11.26,69.09,6.14,Bulb,4,00:36:12,234.05
10.88,45.6,4.19,Bulb,4,00:36:12,234.05
10.63,46.21,4.35,Bulb,4,00:36:12,234.05
11.02,55.94,5.08,Bulb,4,00:36:12,234.05
11.76,67.87,5.77,Bulb,4,00:36:12,234.05
11.63,48.82,4.2,Bulb,4,00:36:12,234.06
11.77,102.66,8.72,Bulb,4,00:36:12,234.06
11.22,39.51,3.52,Bulb,4,00:36:12,234.53
11.29,52.82,4.68,Bulb,4,00:36:13,235.11
10.95,56.37,5.15,Bulb,4,00:36:13,235.7
11.27,42.53,3.77,Bulb,4,00:36:14,236.28
11.31,81.94,7.24,Bulb,4,00:36:15,236.87
10.89,46.04,4.23,Bulb,4,00:36:15,237.45
10.84,54.37,5.01,Bulb,4,00:36:16,238.04
11.38,46.75,4.11,Bulb,4,00:36:16,238.62
11.57,51.93,4.49,Bulb,4,00:36:17,239.21
11.47,57.45,5.01,Bulb,4,00:36:17,239.79
10.74,42.94,4.0,Bulb,4,00:36:18,240.38
10.84,46.3,4.27,Bulb,4,00:36:19,240.96
11.78,79.74,6.77,Bulb,4,00:36:19,241.55
11.7,63.43,5.42,Bulb,4,00:36:20,242.13
12.29,72.1,5.87,Bulb,4,00:36:20,242.72
10.94,58.42,5.34,Bulb,4,00:36:21,243.3
11.18,59.24,5.3,Bulb,4,00:36:22,243.89
11.73,51.48,4.39,Bulb,4,00:36:22,244.47
10.43,51.86,4.97,Bulb,4,00:36:23,245.06
11.35,73.41,6.47,Bulb,4,00:36:23,245.64
11.39,62.51,5.49,Bulb,4,00:36:24,246.23
11.66,42.19,3.62,Bulb,4,00:36:24,246.81
11.27,41.4,3.67,Bulb,4,00:36:25,247.4
11.34,55.94,4.93,Bulb,4,00:36:26,247.98
10.64,46.46,4.37,Bulb,4,00:36:26,248.57
11.7,48.72,4.16,Bulb,4,00:36:27,249.15
11.45,43.3,3.78,Bulb,4,00:36:27,249.74
11.3,43.42,3.84,Bulb,4,00:36:28,250.32
11.05,48.88,4.42,Bulb,4,00:36:29,250.91
11.38,52.29,4.59,Bulb,4,00:36:29,251.49
11.65,50.15,4.3,Bulb,4,00:36:30,252.08
11.13,59.53,5.35,Bulb,4,00:36:30,252.66
11.52,61.23,5.31,Bulb,4,00:36:31,253.25
11.34,41.96,3.7,Bulb,4,00:36:32,253.83
11.58,50.66,4.38,Bulb,4,00:36:32,254.42
11.54,89.87,7.79,Bulb,4,00:36:33,255.0
11.66,49.54,4.25,Bulb,4,00:36:33,255.59
12.04,50.04,4.16,Bulb,4,00:36:34,256.17
11.45,67.84,5.92,Bulb,4,00:36:34,256.76
11.22,50.07,4.46,Bulb,4,00:36:35,257.34
11.23,53.53,4.77,Bulb,4,00:36:36,257.93
11.64,83.99,7.22,Bulb,4,00:36:36,258.51
10.75,45.12,4.2,Bulb,4,00:36:37,259.1
11.29,54.72,4.85,Bulb,4,00:36:37,259.68
10.66,51.11,4.79,Bulb,4,00:36:38,260.27
11.2,47.48,4.24,Bulb,4,00:36:39,260.85
10.94,52.45,4.79,Bulb,4,00:36:39,261.44
11.07,42.29,3.82,Bulb,4,00:36:40,262.02
10.84,67.34,6.21,Bulb,4,00:36:40,262.61
11.99,50.1,4.18,Bulb,4,00:36:41,263.19
11.16,63.74,5.71,Bulb,4,00:36:41,263.78
11.34,56.65,5.0,Bulb,4,00:36:42,264.36
11.43,91.96,8.04,Bulb,4,00:36:43,264.95
11.16,54.73,4.9,Bulb,4,00:36:43,265.53
12.3,77.42,6.3,Bulb,4,00:36:44,266.12
10.94,44.3,4.05,Bulb,4,00:36:44,266.7
11.69,72.77,6.22,Bulb,4,00:36:45,267.29
11.54,64.37,5.58,Bulb,4,00:36:46,267.87
11.46,67.29,5.87,Bulb,4,00:36:46,268.46
11.06,44.85,4.05,Bulb,4,00:36:47,269.04
11.87,54.79,4.61,Bulb,4,00:36:47,269.63
11.82,56.81,4.81,Bulb,4,00:36:48,270.21
12.1,95.09,7.86,Bulb,4,00:36:48,270.8
11.88,77.1,6.49,Bulb,4,00:36:49,271.38
11.32,53.21,4.7,Bulb,4,00:36:50,271.97
11.1,43.51,3.92,Bulb,4,00:36:50,272.55
11.46,47.7,4.16,Bulb,4,00:36:51,273.14
10.93,52.0,4.76,Bulb,4,00:36:51,273.72
12.22,53.77,4.4,Bulb,4,00:36:52,274.31
10.99,41.32,3.76,Bulb,4,00:36:53,274.89
11.09,43.29,3.9,Bulb,4,00:36:53,275.48
10.75,54.74,5.09,Bulb,4,00:36:54,276.06
10.89,37.56,3.45,Bulb,4,00:36:54,276.65
10.93,54.48,4.99,Bulb,4,00:36:55,277.23
11.65,57.56,4.94,Bulb,4,00:36:55,277.82
11.4,47.8,4.19,Bulb,4,00:36:56,278.4
10.88,43.62,4.01,Bulb,4,00:36:57,278.99
11.62,41.47,3.57,Bulb,4,00:36:57,279.57
10.94,68.91,6.3,Bulb,4,00:36:58,280.16
10.56,47.8,4.52,Bulb,4,00:36:58,280.74
11.0,49.19,4.47,Bulb,4,00:36:59,281.33
10.77,38.2,3.55,Bulb,4,00:37:00,281.91
11.5,49.58,4.31,Bulb,4,00:37:00,282.5
11.44,68.41,5.98,Bulb,4,00:37:01,283.08
10.85,49.33,4.55,Bulb,4,00:37:01,283.67
11.35,59.06,5.21,Bulb,4,00:37:02,284.25
10.6,49.89,4.71,Bulb,4,00:37:03,284.84
11.14,41.96,3.77,Bulb,4,00:37:03,285.42
10.63,57.55,5.42,Bulb,4,00:37:04,286.01
11.44,40.98,3.58,Bulb,4,00:37:04,286.59
10.93,71.99,6.59,Bulb,4,00:37:05,287.18
11.06,54.68,4.94,Bulb,4,00:37:05,287.76
11.26,82.64,7.34,Bulb,4,00:37:06,288.35
11.86,94.62,7.97,Bulb,4,00:37:07,288.93
11.5,52.61,4.57,Bulb,4,00:37:07,289.52
11.62,59.75,5.14,Bulb,4,00:37:08,290.1
11.64,45.6,3.92,Bulb,4,00:37:08,290.69
10.73,44.78,4.17,Bulb,4,00:37:09,291.27
11.47,54.08,4.72,Bulb,4,00:37:10,291.86
11.2,64.77,5.78,Bulb,4,00:37:10,292.44
10.91,49.08,4.5,Bulb,4,00:37:11,293.03
10.53,56.15,5.33,Bulb,4,00:37:11,293.61
11.09,46.8,4.22,Bulb,4,00:37:12,294.2
10.66,42.17,3.95,NO LOAD,5,00:37:26,308.34
11.13,45.98,4.13,NO LOAD,5,00:37:26,308.34
11.77,65.61,5.58,NO LOAD,5,00:37:26,308.34
11.55,50.48,4.37,NO LOAD,5,00:37:26,308.34
11.34,54.62,4.82,NO LOAD,5,00:37:26,308.35
12.11,81.01,6.69,NO LOAD,5,00:37:26,308.35
10.8,55.65,5.15,NO LOAD,5,00:37:26,308.35
10.39,47.4,4.56,NO LOAD,5,00:37:26,308.35
6.79,39.7,5.84,NO LOAD,5,00:37:26,308.35
6.62,41.1,6.21,NO LOAD,5,00:37:26,308.35
6.5,33.96,5.22,NO LOAD,5,00:37:26,308.35
7.05,45.68,6.48,NO LOAD,5,00:37:26,308.35
7.8,38.19,4.9,NO LOAD,5,00:37:26,308.36
6.5,36.67,5.64,NO LOAD,5,00:37:26,308.36
6.32,35.78,5.66,NO LOAD,5,00:37:26,308.36
6.55,33.51,5.12,NO LOAD,5,00:37:26,308.36
6.72,56.53,8.41,NO LOAD,5,00:37:26,308.36
6.54,36.42,5.57,NO LOAD,5,00:37:26,308.36
6.16,32.69,5.31,NO LOAD,5,00:37:26,308.36
6.44,35.22,5.47,NO LOAD,5,00:37:26,308.37
6.54,38.12,5.83,NO LOAD,5,00:37:26,308.37
6.46,30.63,4.74,NO LOAD,5,00:37:26,308.37
7.84,42.31,5.4,NO LOAD,5,00:37:26,308.37
6.68,33.43,5.01,NO LOAD,5,00:37:26,308.37
6.84,37.81,5.52,NO LOAD,5,00:37:26,308.79
7.43,42.2,5.68,NO LOAD,5,00:37:27,309.38
6.82,33.96,4.98,NO LOAD,5,00:37:28,309.96
7.16,40.09,5.6,NO LOAD,5,00:37:28,310.54
6.97,50.8,7.29,NO LOAD,5,00:37:29,311.12
6.43,33.14,5.15,NO LOAD,5,00:37:29,311.71
7.34,36.09,4.92,NO LOAD,5,00:37:30,312.29
6.36,35.74,5.62,NO LOAD,5,00:37:31,312.87
6.04,33.53,5.55,NO LOAD,5,00:37:31,313.46
6.97,38.91,5.58,NO LOAD,5,00:37:32,314.04
5.47,33.61,6.14,NO LOAD,5,00:37:32,314.62
6.38,35.77,5.61,NO LOAD,5,00:37:33,315.21
5.86,38.28,6.54,NO LOAD,5,00:37:33,315.79
6.83,42.49,6.22,NO LOAD,5,00:37:34,316.37
6.32,33.18,5.25,NO LOAD,5,00:37:35,316.95
6.51,37.42,5.75,NO LOAD,5,00:37:35,317.54
5.82,30.17,5.18,NO LOAD,5,00:37:36,318.12
6.92,34.32,4.96,NO LOAD,5,00:37:36,318.7
6.27,29.79,4.75,NO LOAD,5,00:37:37,319.29
7.11,42.33,5.96,NO LOAD,5,00:37:38,319.87
6.53,34.3,5.25,NO LOAD,5,00:37:38,320.45
6.62,34.54,5.22,NO LOAD,5,00:37:39,321.04
7.42,39.78,5.36,NO LOAD,5,00:37:39,321.62
6.7,37.92,5.66,NO LOAD,5,00:37:40,322.2
7.02,36.27,5.16,NO LOAD,5,00:37:40,322.78
6.45,39.72,6.16,NO LOAD,5,00:37:41,323.37
6.67,33.7,5.05,NO LOAD,5,00:37:42,323.95
6.7,36.45,5.44,NO LOAD,5,00:37:42,324.53
6.16,36.3,5.89,NO LOAD,5,00:37:43,325.12
6.65,41.21,6.2,NO LOAD,5,00:37:43,325.7
7.25,34.63,4.78,NO LOAD,5,00:37:44,326.28
6.25,32.55,5.21,NO LOAD,5,00:37:45,326.87
6.55,38.3,5.85,NO LOAD,5,00:37:45,327.45
5.97,37.2,6.23,NO LOAD,5,00:37:46,328.03
6.81,47.01,6.91,NO LOAD,5,00:37:46,328.61
6.95,38.63,5.56,NO LOAD,5,00:37:47,329.2
7.07,41.0,5.8,NO LOAD,5,00:37:47,329.78
6.47,37.42,5.78,NO LOAD,5,00:37:48,330.36
7.13,37.07,5.2,NO LOAD,5,00:37:49,330.95
6.37,35.62,5.59,NO LOAD,5,00:37:49,331.53
6.5,43.37,6.67,NO LOAD,5,00:37:50,332.11
6.64,42.18,6.35,NO LOAD,5,00:37:50,332.7
7.35,40.47,5.51,NO LOAD,5,00:37:51,333.28
6.58,39.19,5.95,NO LOAD,5,00:37:52,333.86
6.7,47.78,7.13,NO LOAD,5,00:37:52,334.44
6.43,38.3,5.95,NO LOAD,5,00:37:53,335.03
6.8,44.84,6.6,NO LOAD,5,00:37:53,335.61
6.15,39.22,6.37,NO LOAD,5,00:37:54,336.19
6.96,37.43,5.38,NO LOAD,5,00:37:54,336.78
6.69,38.61,5.77,NO LOAD,5,00:37:55,337.36
6.85,31.51,4.6,NO LOAD,5,00:37:56,337.94
7.17,40.6,5.66,NO LOAD,5,00:37:56,338.53
6.75,34.46,5.11,NO LOAD,5,00:37:57,339.11
6.49,25.55,3.93,NO LOAD,5,00:37:57,339.69
6.56,29.53,4.5,NO LOAD,5,00:37:58,340.27
7.12,46.89,6.58,NO LOAD,5,00:37:59,340.86
6.79,39.8,5.86,NO LOAD,5,00:37:59,341.44
6.47,36.5,5.64,NO LOAD,5,00:38:00,342.02
6.6,42.54,6.45,NO LOAD,5,00:38:00,342.61
6.96,35.58,5.12,NO LOAD,5,00:38:01,343.19
6.76,37.81,5.59,NO LOAD,5,00:38:01,343.77
5.99,31.43,5.25,NO LOAD,5,00:38:02,344.36
6.62,32.77,4.95,NO LOAD,5,00:38:03,344.94
6.94,41.2,5.93,NO LOAD,5,00:38:03,345.52
6.07,37.83,6.24,NO LOAD,5,00:38:04,346.1
6.78,42.89,6.33,NO LOAD,5,00:38:04,346.69
7.85,38.11,4.86,NO LOAD,5,00:38:05,347.27
6.5,32.29,4.97,NO LOAD,5,00:38:06,347.85
7.16,36.37,5.08,NO LOAD,5,00:38:06,348.44
6.07,31.84,5.24,NO LOAD,5,00:38:07,349.02
6.77,37.07,5.48,NO LOAD,5,00:38:07,349.6
6.89,46.1,6.69,NO LOAD,5,00:38:08,350.18
7.02,33.08,4.72,NO LOAD,5,00:38:08,350.77
6.59,32.19,4.88,NO LOAD,5,00:38:09,351.35
6.72,32.35,4.81,NO LOAD,5,00:38:10,351.93
6.33,36.67,5.8,NO LOAD,5,00:38:10,352.52
7.13,39.46,5.54,NO LOAD,5,00:38:11,353.1
6.2,31.48,5.08,NO LOAD,5,00:38:11,353.68
7.0,37.78,5.39,NO LOAD,5,00:38:12,354.27
6.69,37.37,5.59,NO LOAD,5,00:38:13,354.85
6.13,34.62,5.64,NO LOAD,5,00:38:13,355.43
6.55,32.54,4.97,NO LOAD,5,00:38:14,356.02
7.17,43.19,6.02,NO LOAD,5,00:38:14,356.6
6.88,33.59,4.89,NO LOAD,5,00:38:15,357.18
6.2,32.05,5.17,NO LOAD,5,00:38:15,357.77
6.8,39.18,5.76,NO LOAD,5,00:38:16,358.35
6.7,39.38,5.87,NO LOAD,5,00:38:17,358.93
6.88,35.1,5.1,NO LOAD,5,00:38:17,359.51
6.63,29.46,4.45,NO LOAD,5,00:38:18,360.1
7.1,35.89,5.05,NO LOAD,5,00:38:18,360.68
6.85,48.36,7.06,NO LOAD,5,00:38:19,361.26
5.91,27.32,4.63,NO LOAD,5,00:38:20,361.85
7.09,39.63,5.59,NO LOAD,5,00:38:20,362.43
6.57,30.13,4.58,NO LOAD,5,00:38:21,363.01
6.95,43.43,6.25,NO LOAD,5,00:38:21,363.59
7.01,38.62,5.51,NO LOAD,5,00:38:22,364.18
6.76,37.38,5.53,NO LOAD,5,00:38:22,364.76
6.94,37.75,5.44,NO LOAD,5,00:38:23,365.34
6.41,40.3,6.28,NO LOAD,5,00:38:24,365.93
6.79,36.14,5.32,NO LOAD,5,00:38:24,366.51
6.34,37.95,5.99,NO LOAD,5,00:38:25,367.09
6.5,37.51,5.77,NO LOAD,5,00:38:25,367.68
6.33,35.06,5.54,NO LOAD,5,00:38:26,368.26
6.56,33.87,5.16,NO LOAD,5,00:38:27,368.84
7.1,33.06,4.66,Both,6,00:38:41,382.91
6.75,38.99,5.78,Both,6,00:38:41,382.91
7.1,37.98,5.35,Both,6,00:38:41,382.91
6.66,31.9,4.79,Both,6,00:38:41,382.91
6.65,46.85,7.04,Both,6,00:38:41,382.92
6.33,35.79,5.66,Both,6,00:38:41,382.92
6.62,33.01,4.99,Both,6,00:38:41,382.92
5.73,36.3,6.34,Both,6,00:38:41,382.92
7.16,35.93,5.02,Both,6,00:38:41,382.92
6.84,42.14,6.16,Both,6,00:38:41,382.92
6.9,42.39,6.14,Both,6,00:38:41,382.92
7.96,43.91,5.52,Both,6,00:38:41,382.92
7.08,39.88,5.63,Both,6,00:38:41,382.93
8.0,63.89,7.98,Both,6,00:38:41,382.93
15.92,60.87,3.82,Both,6,00:38:41,382.93
16.92,82.33,4.87,Both,6,00:38:41,382.93
17.66,60.39,3.42,Both,6,00:38:41,382.93
16.94,65.42,3.86,Both,6,00:38:41,382.93
17.05,61.21,3.59,Both,6,00:38:41,382.93
16.95,54.65,3.22,Both,6,00:38:41,382.94
16.56,61.83,3.73,Both,6,00:38:41,382.94
17.21,53.59,3.11,Both,6,00:38:41,382.94
17.05,78.5,4.6,Both,6,00:38:41,382.94
17.17,54.38,3.17,Both,6,00:38:41,382.94
16.63,50.32,3.03,Both,6,00:38:41,383.44
18.37,68.53,3.73,Both,6,00:38:42,384.02
16.64,71.03,4.27,Both,6,00:38:42,384.61
17.5,63.16,3.61,Both,6,00:38:43,385.19
17.06,67.77,3.97,Both,6,00:38:43,385.78
17.28,71.96,4.16,Both,6,00:38:44,386.36
17.27,61.96,3.59,Both,6,00:38:45,386.95
16.84,57.88,3.44,Both,6,00:38:45,387.53
16.81,59.39,3.53,Both,6,00:38:46,388.12
17.02,59.63,3.5,Both,6,00:38:46,388.7
17.53,52.52,3.0,Both,6,00:38:47,389.29
17.06,51.87,3.04,Both,6,00:38:48,389.87
17.2,50.68,2.95,Both,6,00:38:48,390.46
16.92,57.69,3.41,Both,6,00:38:49,391.04
17.51,53.86,3.07,Both,6,00:38:49,391.63
16.6,53.79,3.24,Both,6,00:38:50,392.21
17.31,56.67,3.27,Both,6,00:38:50,392.8
16.3,51.52,3.16,Both,6,00:38:51,393.38
17.07,53.66,3.14,Both,6,00:38:52,393.97
17.38,55.05,3.17,Both,6,00:38:52,394.55
17.51,57.93,3.31,Both,6,00:38:53,395.14
16.66,49.81,2.99,Both,6,00:38:53,395.72
16.87,66.61,3.95,Both,6,00:38:54,396.31
17.15,53.44,3.12,Both,6,00:38:55,396.89
16.5,49.15,2.98,Both,6,00:38:55,397.48
17.73,76.28,4.3,Both,6,00:38:56,398.06
16.96,59.39,3.5,Both,6,00:38:56,398.65
17.02,56.92,3.34,Both,6,00:38:57,399.23
16.78,56.87,3.39,Both,6,00:38:57,399.82
17.25,61.15,3.54,Both,6,00:38:58,400.4
17.04,55.58,3.26,Both,6,00:38:59,400.99
16.91,49.47,2.93,Both,6,00:38:59,401.57
16.84,51.04,3.03,Both,6,00:39:00,402.16
17.59,54.26,3.08,Both,6,00:39:00,402.74
17.12,68.55,4.0,Both,6,00:39:01,403.33
16.49,56.43,3.42,Both,6,00:39:02,403.91
17.23,52.84,3.07,Both,6,00:39:02,404.5
16.83,52.62,3.13,Both,6,00:39:03,405.08
17.39,82.61,4.75,Both,6,00:39:03,405.67
17.24,63.44,3.68,Both,6,00:39:04,406.25
16.89,60.34,3.57,Both,6,00:39:05,406.84
17.13,57.64,3.36,Both,6,00:39:05,407.42
17.13,50.6,2.95,Both,6,00:39:06,408.01
16.89,58.53,3.47,Both,6,00:39:06,408.59
17.51,63.03,3.6,Both,6,00:39:07,409.18
17.13,46.66,2.72,Both,6,00:39:07,409.76
16.62,55.22,3.32,Both,6,00:39:08,410.35
17.62,63.54,3.61,Both,6,00:39:09,410.93
16.86,51.6,3.06,Both,6,00:39:09,411.52
17.08,57.92,3.39,Both,6,00:39:10,412.1
17.31,60.85,3.52,Both,6,00:39:10,412.69
16.74,59.13,3.53,Both,6,00:39:11,413.27
17.76,73.55,4.14,Both,6,00:39:12,413.86
17.22,81.64,4.74,Both,6,00:39:12,414.44
16.88,53.51,3.17,Both,6,00:39:13,415.03
16.48,62.59,3.8,Both,6,00:39:13,415.61
16.9,54.4,3.22,Both,6,00:39:14,416.2
16.54,53.86,3.26,Both,6,00:39:14,416.78
17.11,59.44,3.47,Both,6,00:39:15,417.37
16.97,58.47,3.45,Both,6,00:39:16,417.95
17.24,51.31,2.98,Both,6,00:39:16,418.54
16.66,57.57,3.46,Both,6,00:39:17,419.12
17.12,57.99,3.39,Both,6,00:39:17,419.71
17.0,49.14,2.89,Both,6,00:39:18,420.29
16.94,71.52,4.22,Both,6,00:39:19,420.88
17.06,60.72,3.56,Both,6,00:39:19,421.46
17.15,83.33,4.86,Both,6,00:39:20,422.05
17.47,57.49,3.29,Both,6,00:39:20,422.63
17.07,74.66,4.37,Both,6,00:39:21,423.22
17.22,63.8,3.7,Both,6,00:39:21,423.8
16.79,59.89,3.57,Both,6,00:39:22,424.39
17.3,53.21,3.08,Both,6,00:39:23,424.97
17.0,56.23,3.31,Both,6,00:39:23,425.56
16.5,40.13,2.43,Both,6,00:39:24,426.14
16.9,53.77,3.18,Both,6,00:39:24,426.73
16.57,58.77,3.55,Both,6,00:39:25,427.31
17.17,68.28,3.98,Both,6,00:39:26,427.9
16.83,50.6,3.01,Both,6,00:39:26,428.48
16.8,50.29,2.99,Both,6,00:39:27,429.07
16.88,53.13,3.15,Both,6,00:39:27,429.65
16.99,62.15,3.66,Both,6,00:39:28,430.24
17.06,87.52,5.13,Both,6,00:39:28,430.82
17.36,64.15,3.7,Both,6,00:39:29,431.41
16.32,48.43,2.97,Both,6,00:39:30,431.99
17.48,63.49,3.63,Both,6,00:39:30,432.58
16.77,48.92,2.92,Both,6,00:39:31,433.16
17.04,70.65,4.15,Both,6,00:39:31,433.75
16.71,53.15,3.18,Both,6,00:39:32,434.33
17.15,46.0,2.68,Both,6,00:39:33,434.92
17.26,59.33,3.44,Both,6,00:39:33,435.5
16.74,56.66,3.39,Both,6,00:39:34,436.09
16.82,46.39,2.76,Both,6,00:39:34,436.67
16.34,39.0,2.39,Both,6,00:39:35,437.26
16.77,61.98,3.7,Both,6,00:39:36,437.84
16.46,53.88,3.27,Both,6,00:39:36,438.43
17.46,61.79,3.54,Both,6,00:39:37,439.01
16.79,55.91,3.33,Both,6,00:39:37,439.6
17.26,70.75,4.1,Both,6,00:39:38,440.18
16.61,52.63,3.17,Both,6,00:39:38,440.77
17.32,62.13,3.59,Both,6,00:39:39,441.35
16.39,59.73,3.65,Both,6,00:39:40,441.94
16.86,71.61,4.25,Both,6,00:39:40,442.52
16.59,55.03,3.32,Both,6,00:39:41,443.11
16.72,54.17,3.24,NO LOAD,7,00:39:55,457.24
17.45,79.82,4.57,NO LOAD,7,00:39:55,457.24
16.22,43.59,2.69,NO LOAD,7,00:39:55,457.24
16.71,67.52,4.04,NO LOAD,7,00:39:55,457.24
16.79,63.47,3.78,NO LOAD,7,00:39:55,457.25
16.53,57.15,3.46,NO LOAD,7,00:39:55,457.25
16.4,52.99,3.23,NO LOAD,7,00:39:55,457.25
17.12,59.72,3.49,NO LOAD,7,00:39:55,457.25
16.5,55.88,3.39,NO LOAD,7,00:39:55,457.25
17.34,53.84,3.1,NO LOAD,7,00:39:55,457.25
6.32,38.9,6.16,NO LOAD,7,00:39:55,457.25
6.6,39.68,6.01,NO LOAD,7,00:39:55,457.25
6.5,36.45,5.6,NO LOAD,7,00:39:55,457.26
6.2,34.01,5.49,NO LOAD,7,00:39:55,457.26
6.44,42.55,6.61,NO LOAD,7,00:39:55,457.26
6.35,41.71,6.56,NO LOAD,7,00:39:55,457.26
6.58,43.65,6.64,NO LOAD,7,00:39:55,457.26
6.91,37.81,5.47,NO LOAD,7,00:39:55,457.26
6.33,36.81,5.81,NO LOAD,7,00:39:55,457.26
6.58,35.43,5.39,NO LOAD,7,00:39:55,457.26
6.6,39.21,5.94,NO LOAD,7,00:39:55,457.27
6.33,38.86,6.14,NO LOAD,7,00:39:55,457.27
6.3,31.56,5.01,NO LOAD,7,00:39:55,457.27
6.33,36.87,5.83,NO LOAD,7,00:39:55,457.27
6.46,43.9,6.8,NO LOAD,7,00:39:55,457.71
6.62,33.26,5.02,NO LOAD,7,00:39:56,458.29
6.41,46.38,7.24,NO LOAD,7,00:39:57,458.87
6.77,36.18,5.35,NO LOAD,7,00:39:57,459.45
6.66,36.65,5.51,NO LOAD,7,00:39:58,460.04
6.4,35.9,5.61,NO LOAD,7,00:39:58,460.62
6.62,35.81,5.41,NO LOAD,7,00:39:59,461.2
6.53,53.88,8.26,NO LOAD,7,00:39:59,461.79
6.1,32.94,5.4,NO LOAD,7,00:40:00,462.37
6.09,34.8,5.71,NO LOAD,7,00:40:01,462.95
6.2,41.51,6.69,NO LOAD,7,00:40:01,463.54
6.46,41.27,6.39,NO LOAD,7,00:40:02,464.12
6.3,35.9,5.7,NO LOAD,7,00:40:02,464.7
6.88,43.42,6.31,NO LOAD,7,00:40:03,465.29
5.98,26.49,4.43,NO LOAD,7,00:40:04,465.87
6.7,40.61,6.06,NO LOAD,7,00:40:04,466.45
6.12,32.12,5.25,NO LOAD,7,00:40:05,467.03
6.66,41.18,6.18,NO LOAD,7,00:40:05,467.62
7.34,37.9,5.16,NO LOAD,7,00:40:06,468.2
5.78,36.99,6.4,NO LOAD,7,00:40:06,468.78
6.6,37.58,5.7,NO LOAD,7,00:40:07,469.37
6.48,38.46,5.94,NO LOAD,7,00:40:08,469.95
6.08,39.53,6.5,NO LOAD,7,00:40:08,470.53
6.62,36.62,5.54,NO LOAD,7,00:40:09,471.11
6.34,42.3,6.68,NO LOAD,7,00:40:09,471.7
6.29,35.12,5.59,NO LOAD,7,00:40:10,472.28
6.47,31.55,4.87,NO LOAD,7,00:40:11,472.86
6.17,39.33,6.38,NO LOAD,7,00:40:11,473.45
6.29,39.66,6.31,NO LOAD,7,00:40:12,474.03
6.79,41.64,6.13,NO LOAD,7,00:40:12,474.61
6.82,39.33,5.76,NO LOAD,7,00:40:13,475.2
6.04,36.65,6.06,NO LOAD,7,00:40:13,475.78
6.77,32.67,4.82,NO LOAD,7,00:40:14,476.36
6.13,34.16,5.57,NO LOAD,7,00:40:15,476.94
6.59,40.69,6.17,NO LOAD,7,00:40:15,477.53
6.43,37.52,5.83,NO LOAD,7,00:40:16,478.11
6.56,52.96,8.07,NO LOAD,7,00:40:16,478.69
7.13,37.16,5.22,NO LOAD,7,00:40:17,479.28
6.54,54.82,8.38,NO LOAD,7,00:40:18,479.86
6.6,36.1,5.47,NO LOAD,7,00:40:18,480.44
6.4,39.47,6.17,NO LOAD,7,00:40:19,481.03
6.98,39.75,5.69,NO LOAD,7,00:40:19,481.61
6.26,39.27,6.28,NO LOAD,7,00:40:20,482.19
6.24,37.21,5.97,NO LOAD,7,00:40:20,482.77
6.68,41.08,6.15,NO LOAD,7,00:40:21,483.36
6.96,35.88,5.16,NO LOAD,7,00:40:22,483.94
6.8,36.09,5.31,NO LOAD,7,00:40:22,484.52
6.54,35.84,5.48,NO LOAD,7,00:40:23,485.11
6.46,48.62,7.53,NO LOAD,7,00:40:23,485.69
6.84,31.76,4.65,NO LOAD,7,00:40:24,486.27
5.99,35.45,5.92,NO LOAD,7,00:40:25,486.86
6.18,31.37,5.08,NO LOAD,7,00:40:25,487.44
7.03,35.41,5.03,NO LOAD,7,00:40:26,488.02
6.31,31.33,4.96,NO LOAD,7,00:40:26,488.61
6.16,38.22,6.21,NO LOAD,7,00:40:27,489.19
6.23,45.09,7.24,NO LOAD,7,00:40:27,489.77
6.62,37.26,5.63,NO LOAD,7,00:40:28,490.35
6.72,38.49,5.73,NO LOAD,7,00:40:29,490.94
6.3,41.93,6.65,NO LOAD,7,00:40:29,491.52
6.41,30.41,4.74,NO LOAD,7,00:40:30,492.1
6.44,35.88,5.57,NO LOAD,7,00:40:30,492.69
6.38,36.65,5.75,NO LOAD,7,00:40:31,493.27
6.54,39.78,6.08,NO LOAD,7,00:40:32,493.85
6.39,32.77,5.13,NO LOAD,7,00:40:32,494.44
6.61,40.61,6.15,NO LOAD,7,00:40:33,495.02
6.33,39.64,6.26,NO LOAD,7,00:40:33,495.6
6.56,42.48,6.48,NO LOAD,7,00:40:34,496.18
6.32,35.61,5.63,NO LOAD,7,00:40:34,496.77
6.32,32.19,5.09,NO LOAD,7,00:40:35,497.35
6.6,39.32,5.96,NO LOAD,7,00:40:36,497.93
6.53,35.45,5.43,NO LOAD,7,00:40:36,498.52
6.65,35.2,5.29,NO LOAD,7,00:40:37,499.1
6.31,41.5,6.58,NO LOAD,7,00:40:37,499.68
6.53,53.29,8.16,NO LOAD,7,00:40:38,500.27
6.09,30.22,4.96,NO LOAD,7,00:40:39,500.85
6.3,34.81,5.53,NO LOAD,7,00:40:39,501.43
6.65,32.3,4.86,NO LOAD,7,00:40:40,502.01
6.42,35.14,5.47,NO LOAD,7,00:40:40,502.6
6.42,42.19,6.57,NO LOAD,7,00:40:41,503.18
6.33,34.56,5.46,NO LOAD,7,00:40:41,503.76
6.53,38.71,5.93,NO LOAD,7,00:40:42,504.35
5.96,39.42,6.61,NO LOAD,7,00:40:43,504.93
6.29,33.91,5.4,NO LOAD,7,00:40:43,505.51
6.79,45.33,6.67,NO LOAD,7,00:40:44,506.09
6.33,35.18,5.56,NO LOAD,7,00:40:44,506.68
6.9,39.51,5.73,NO LOAD,7,00:40:45,507.26
6.67,35.71,5.35,NO LOAD,7,00:40:46,507.84
6.39,30.32,4.74,NO LOAD,7,00:40:46,508.43
6.44,37.54,5.83,NO LOAD,7,00:40:47,509.01
5.95,39.92,6.71,NO LOAD,7,00:40:47,509.59
6.4,40.97,6.4,NO LOAD,7,00:40:48,510.18
6.07,32.81,5.4,NO LOAD,7,00:40:48,510.76
6.19,33.6,5.43,NO LOAD,7,00:40:49,511.34
6.73,38.23,5.68,NO LOAD,7,00:40:50,511.93
6.06,48.4,7.99,NO LOAD,7,00:40:50,512.51
6.41,38.91,6.07,NO LOAD,7,00:40:51,513.09
6.38,36.38,5.7,NO LOAD,7,00:40:51,513.67
6.43,35.0,5.45,NO LOAD,7,00:40:52,514.26
6.51,32.36,4.97,NO LOAD,7,00:40:53,514.84
6.18,42.2,6.83,NO LOAD,7,00:40:53,515.42
6.32,38.85,6.15,NO LOAD,7,00:40:54,516.01
6.27,32.11,5.12,NO LOAD,7,00:40:54,516.59
5.96,39.54,6.64,NO LOAD,7,00:40:55,517.17
6.42,28.63,4.46,NO LOAD,7,00:40:55,517.76
